<?xml version="1.0"?>
<config xmlns:xsi="http://www.w3.org/2001/XMLSchema-instance" xsi:noNamespaceSchemaLocation="urn:magento:framework:ObjectManager/etc/config.xsd">
    <preference for="Thecoachsmb\Grid\Api\Data\GridInterface" type="Thecoachsmb\Grid\Model\Grid" />

    <virtualType name="Thecoachsmb\Grid\Model\ResourceModel\Grid\Grid\Collection" type="Magento\Framework\View\Element\UiComponent\DataProvider\SearchResult">
        <arguments>
            <argument name="mainTable" xsi:type="string">thecoachsmb_article_grid</argument>
            <argument name="resourceModel" xsi:type="string">Thecoachsmb\Grid\Model\ResourceModel\Grid</argument>
        </arguments>
    </virtualType>
    <type name="Magento\Framework\View\Element\UiComponent\DataProvider\CollectionFactory">
        <arguments>
            <argument name="collections" xsi:type="array">
                <item name="thecoachsmb_grid_listing_data_source" xsi:type="string">Thecoachsmb\Grid\Model\ResourceModel\Grid\Grid\Collection</item>
            </argument>
        </arguments>
    </type>
</config>
