<?xml version="1.0" encoding="UTF-8"?>
<!--
/**
 * Created By : MageDelight Pvt. Ltd.
 */
-->
<schema xmlns:xsi="http://www.w3.org/2001/XMLSchema-instance" xsi:noNamespaceSchemaLocation="urn:magento:framework:Setup/Declaration/Schema/etc/schema.xsd">
    <table name="table_ayush" resource="default" engine="innodb" comment="MD Helloworld">
        <column xsi:type="smallint" name="id" padding="7" unsigned="false" nullable="false" identity="true" comment="ID" />
        <column xsi:type="varchar" name="author_name" nullable="false" length="20" comment="Name" />
        <column xsi:type="varchar" name="email" nullable="false" length="20" comment="Email" />
        <column xsi:type="varchar" name="description" nullable="false" length="255" comment="Descrition" />
        <constraint xsi:type="primary" referenceId="PRIMARY">
            <column name="id" />
        </constraint>
    </table>
</schema>
